datetime,open,high,low,close,volume
2026-07-09T00:00:00+00:00,1.41504,1.4156,1.41009,1.4133900000000001,186716
2026-07-12T00:00:00+00:00,1.41572,1.41746,1.40245,1.40408,645143
2026-07-15T00:00:00+00:00,1.40408,1.40583,1.39832,1.39975,722206
2026-07-18T00:00:00+00:00,1.40087,1.4111,1.40031,1.41071,307252
2026-07-21T00:00:00+00:00,1.41071,1.4115,1.40565,1.40918,724235
2026-07-24T00:00:00+00:00,1.40918,1.41264,1.40705,1.41229,366920
2026-07-27T00:00:00+00:00,1.41229,1.4129,1.3990799999999999,1.40109,857299
2026-07-30T00:00:00+00:00,1.40109,1.4058599999999999,1.40002,1.40167,331127
2026-08-02T00:00:00+00:00,1.40049,1.40801,1.40014,1.40077,593199
2026-08-05T00:00:00+00:00,1.40077,1.40377,1.39255,1.39364,288408
2026-08-08T00:00:00+00:00,1.39456,1.39639,1.39151,1.39231,289206
2026-08-11T00:00:00+00:00,1.39231,1.39584,1.38641,1.38724,597962
2026-08-14T00:00:00+00:00,1.38699,1.38777,1.38446,1.38738,126620
2026-08-17T00:00:00+00:00,1.38738,1.39103,1.37553,1.37894,535519
2026-08-20T00:00:00+00:00,1.37894,1.37894,1.37319,1.37631,158858
2026-08-23T00:00:00+00:00,1.38074,1.3866900000000002,1.37823,1.38555,285532
2026-08-26T00:00:00+00:00,1.38555,1.39098,1.3842500000000002,1.3901200000000002,191999
2026-08-29T00:00:00+00:00,1.39084,1.39099,1.38448,1.38949,369985
2026-09-01T00:00:00+00:00,1.38949,1.3904,1.3889,1.39039,26811
